enum_H,enum_ψREF,enum_pool,enum_method,nV,nH,seed_H,seed_ψ,numparams,numiters,runtime,purity,entropy,distance,fidelity,maxpoolgradient
twolocal,entangled,twolocal,renyi,2,0,7,7,0,0,0.0,1.0,-7.62719480791459e-16,0.2029878262045404,0.443673856470829,0.9074310476495744
twolocal,entangled,twolocal,renyi,2,0,7,7,1,4,0.003859996795654297,1.0,-3.601309148336766e-15,0.4154714359637694,0.5863801925066953,1.7661482557676804
twolocal,entangled,twolocal,renyi,2,0,7,7,2,12,0.006392002105712891,1.0,-4.831300100279206e-16,0.2829031536901528,0.5575796725555064,1.2157357014202705
twolocal,entangled,twolocal,renyi,2,0,7,7,3,20,0.0071599483489990234,1.0,4.440892098500626e-16,0.2356746900163469,0.5694005246548655,0.8686199089826262
twolocal,entangled,twolocal,renyi,2,0,7,7,4,36,0.009735822677612305,1.0,2.3314683517128287e-15,0.3478691256260902,0.7199872084918357,0.7011349957726523
twolocal,entangled,twolocal,renyi,2,0,7,7,5,49,0.011894702911376953,1.0,2.55351295663786e-15,0.10474661568662938,0.7402958116886658,0.3096321614621305
twolocal,entangled,twolocal,renyi,2,0,7,7,6,61,0.014160633087158203,0.9999999999999998,-4.440892098500626e-16,0.06907178043135828,0.7465574599932547,3.569595907547406e-7
