enum_H,enum_ψREF,enum_pool,enum_method,nV,nH,seed_H,seed_ψ,numparams,numiters,runtime,purity,entropy,distance,fidelity,maxpoolgradient
twolocal,entangled,twolocal,overlap,1,1,14,14,0,0,0.0,0.949992140715932,0.11932500726818929,0.0019134660140917165,0.8608375604970946,0.683184442795451
twolocal,entangled,twolocal,overlap,1,1,14,14,1,4,0.0004680156707763672,0.5728336331207508,0.6184334213961347,0.14070071965568504,0.9581619610047656,0.4546243952832547
twolocal,entangled,twolocal,overlap,1,1,14,14,2,7,0.0008890628814697266,0.7681820628277859,0.39357612732913116,0.016712898034231635,0.9878638444015572,0.24604204382443204
twolocal,entangled,twolocal,overlap,1,1,14,14,3,13,0.0028302669525146484,0.7900128281437379,0.3653338564649078,2.8035784804814057e-9,0.9999999999999999,1.4327611763675918e-8
