enum_H,enum_ψREF,enum_pool,enum_method,nV,nH,seed_H,seed_ψ,numparams,numiters,runtime,purity,entropy,distance,fidelity
twolocal,entangled,twolocal,overlap,2,1,1,1,0,0,0.0,0.638986863977834,0.5468757906822903,0.4131247099850422,0.5555057539529138
twolocal,entangled,twolocal,overlap,2,1,1,1,1,12,0.027273893356323242,0.6796826439201296,0.5007689907126904,0.16845634795903336,0.6865537403214415
twolocal,entangled,twolocal,overlap,2,1,1,1,2,989,1.5644288063049316,0.5792253754886033,0.6116844780423112,0.043920150120205226,0.8666068033570173
