enum_H,enum_ψREF,enum_pool,enum_method,nV,nH,seed_H,seed_ψ,numparams,numiters,runtime,purity,entropy,distance,fidelity,maxpoolgradient
twolocal,entangled,twolocal,renyi,1,1,9,9,0,0,0.0,0.998085561360424,0.0076172304255598886,0.8299654606838762,0.4595238097434727,0.5464383359489842
twolocal,entangled,twolocal,renyi,1,1,9,9,1,5,0.00040221214294433594,0.9980855613604236,0.0076172304255600065,0.10449274774852652,0.9485192048850846,0.26619177483890355
twolocal,entangled,twolocal,renyi,1,1,9,9,2,10,0.0011322498321533203,0.9978405251156617,0.008462860337982492,0.10383254358960134,0.9493507162135694,0.10883581857432978
twolocal,entangled,twolocal,renyi,1,1,9,9,3,22,0.003925323486328125,0.7900128302641366,0.3653338536807503,1.2495622592201272e-10,1.0000000000000002,2.997727464508282e-8
