enum_H,enum_ψREF,enum_pool,enum_method,nV,nH,seed_H,seed_ψ,numparams,numiters,runtime,purity,entropy,distance,fidelity
twolocal,entangled,twolocal,overlap,1,1,3,3,0,0,0.0,0.9908336958688486,0.029368618715117076,0.32082063815700496,0.8180198945040672
twolocal,entangled,twolocal,overlap,1,1,3,3,1,4,0.004456043243408203,0.662889561377838,0.5200069378439778,0.04548128659178505,0.9448300163179058
twolocal,entangled,twolocal,overlap,1,1,3,3,2,9,0.005037069320678711,0.7952062981715866,0.3584895766254965,0.001592830102829318,0.9999673808415094
twolocal,entangled,twolocal,overlap,1,1,3,3,3,14,0.0057201385498046875,0.7900128294811637,0.3653338547088213,5.645659773012568e-10,0.9999999999999997
