enum_H,enum_ψREF,enum_pool,enum_method,nV,nH,seed_H,seed_ψ,numparams,numiters,runtime,purity,entropy,distance,fidelity
twolocal,entangled,twolocal,renyi,2,0,11,11,0,0,0.0,0.9999999999999999,-1.2419284754634604e-15,0.2847337959479436,0.6149487865545201
twolocal,entangled,twolocal,renyi,2,0,11,11,1,3,0.0004439353942871094,0.9999999999999998,1.358977034973506e-15,0.2525276403329718,0.6379455128543817
twolocal,entangled,twolocal,renyi,2,0,11,11,2,10,0.0011818408966064453,0.9999999999999998,1.9984014443252818e-15,0.2340382087756407,0.722721979405575
twolocal,entangled,twolocal,renyi,2,0,11,11,3,18,0.0037298202514648438,1.0,-1.2212453270876722e-15,0.402190901910927,0.7426202135270201
twolocal,entangled,twolocal,renyi,2,0,11,11,4,35,0.006451845169067383,0.9999999999999988,2.220446049250313e-16,0.20418448682702714,0.8023590128553602
twolocal,entangled,twolocal,renyi,2,0,11,11,5,49,0.00892186164855957,0.999999999999999,4.440892098500626e-16,0.11285643223121093,0.8090969748779896
twolocal,entangled,twolocal,renyi,2,0,11,11,6,88,0.01683974266052246,0.9999999999999997,-0.0,0.10995355240997143,0.8091696595452612
twolocal,entangled,twolocal,renyi,2,0,11,11,7,103,0.01972174644470215,0.9999999999999991,-1.3322676295501878e-15,0.10598549548840117,0.8092321638118046
