enum_H,enum_ψREF,enum_pool,enum_method,nV,nH,seed_H,seed_ψ,numparams,numiters,runtime,purity,entropy,distance,fidelity
twolocal,entangled,twolocal,renyi,1,0,12,12,0,0,0.0,0.9999999999999999,NaN,0.09284401214283815,0.8332762324856516
twolocal,entangled,twolocal,renyi,1,0,12,12,1,3,0.00020694732666015625,1.0,-1.7763568394002505e-15,0.13161302400160907,0.8505098692747808
twolocal,entangled,twolocal,renyi,1,0,12,12,1,4,0.0002079010009765625,1.0,-1.7763568394002505e-15,0.13161302400160907,0.8505098692747808
twolocal,entangled,twolocal,renyi,1,0,12,12,1,5,0.00020885467529296875,1.0,-1.7763568394002505e-15,0.13161302400160907,0.8505098692747808
