enum_H,enum_ψREF,enum_pool,enum_method,nV,nH,seed_H,seed_ψ,numparams,numiters,runtime,purity,entropy,distance,fidelity
twolocal,entangled,twolocal,overlap,1,1,9,9,0,0,0.0,0.998085561360424,0.0076172304255598886,0.8299654606838762,0.4595238097434727
twolocal,entangled,twolocal,overlap,1,1,9,9,1,4,0.0010650157928466797,0.9559736720076562,0.10769201616410506,0.034921648055594876,0.9761083552403853
twolocal,entangled,twolocal,overlap,1,1,9,9,2,7,0.0013659000396728516,0.7897377879313352,0.3656949243544167,0.000219262990985708,0.9998364222414119
twolocal,entangled,twolocal,overlap,1,1,9,9,3,12,0.002223968505859375,0.7900128289302546,0.36533385543218516,3.1198649219632557e-10,0.9999999999999997
