enum_H,enum_ψREF,enum_pool,enum_method,nV,nH,seed_H,seed_ψ,numparams,numiters,runtime,purity,entropy,distance,fidelity,maxpoolgradient
twolocal,entangled,twolocal,renyi,2,0,17,17,0,0,0.0,0.9999999999999998,-1.5606286101617188e-15,0.31388210679074313,0.5598599698714247,1.1664926635482764
twolocal,entangled,twolocal,renyi,2,0,17,17,0,2,0.0006799697875976562,0.9999999999999998,-1.5606286101617188e-15,0.31388210679074313,0.5598599698714247,1.1664926635482764
twolocal,entangled,twolocal,renyi,2,0,17,17,2,6,0.0024819374084472656,1.0,1.3322676295501878e-15,0.1430689345040399,0.6895986739372737,2.033516804786418
twolocal,entangled,twolocal,renyi,2,0,17,17,3,13,0.003771066665649414,0.9999999999999999,6.661338147750939e-16,0.20606804412861354,0.7001033854733221,1.716961974299277
twolocal,entangled,twolocal,renyi,2,0,17,17,4,21,0.004830121994018555,1.0,2.7755575615628914e-15,0.12755242598320765,0.7412557055989913,1.2538925515079138
twolocal,entangled,twolocal,renyi,2,0,17,17,5,37,0.008149147033691406,0.9999999999999993,-4.440892098500626e-16,0.08239808460786771,0.8051251508012924,1.9453719508669274
twolocal,entangled,twolocal,renyi,2,0,17,17,6,50,0.010635137557983398,1.0,-3.3306690738754696e-15,0.12445139098880793,0.8442824138481538,0.19439324793740645
twolocal,entangled,twolocal,renyi,2,0,17,17,7,60,0.012604951858520508,0.9999999999999991,-1.1102230246251565e-15,0.11716018977722317,0.8444095465398672,4.283547318118108e-9
