enum_H,enum_ψREF,enum_pool,enum_method,nV,nH,seed_H,seed_ψ,numparams,numiters,runtime,purity,entropy,distance,fidelity,maxpoolgradient
twolocal,entangled,twolocal,overlap,1,1,18,18,0,0,0.0,0.9586332859122513,0.10240421571654346,0.19092297410703407,0.9127507233543463,0.49012351806037957
twolocal,entangled,twolocal,overlap,1,1,18,18,1,3,0.00024199485778808594,0.8064817222159677,0.3434521153941038,0.10106561682192024,0.9557958962341271,0.3989440858299014
twolocal,entangled,twolocal,overlap,1,1,18,18,2,8,0.0012750625610351562,0.8298074440850006,0.31150697017835194,0.014340740965172016,0.9990701011986558,0.06115943484747435
twolocal,entangled,twolocal,overlap,1,1,18,18,3,14,0.0028121471405029297,0.790012844165333,0.3653338354279883,1.7317550171647156e-11,0.9999999999999998,3.523085001511106e-8
