enum_H,enum_ψREF,enum_pool,enum_method,nV,nH,seed_H,seed_ψ,numparams,numiters,runtime,purity,entropy,distance,fidelity
twolocal,entangled,twolocal,overlap,4,3,1,1,0,0,0.0,0.5593349359253438,0.6325791679496922,0.5227205728504712,0.3552614712806577
twolocal,entangled,twolocal,overlap,4,3,1,1,1,10,0.1146841049194336,0.5593349359253439,0.6325791679496954,0.36886596150648776,0.3996402401165605
twolocal,entangled,twolocal,overlap,4,3,1,1,2,28,0.4172201156616211,0.5593349359253439,0.6325791679496954,0.36886596150648776,0.425215721624516
twolocal,entangled,twolocal,overlap,4,3,1,1,3,426,13.311288118362427,0.5593349359253437,0.6325791679496916,0.38152017685014805,0.4544659151488846
twolocal,entangled,twolocal,overlap,4,3,1,1,4,480,15.215331077575684,0.5593349359253439,0.6325791679496926,0.3842143658125355,0.5012900339922893
