enum_H,enum_ψREF,enum_pool,enum_method,nV,nH,seed_H,seed_ψ,numparams,numiters,runtime,purity,entropy,distance,fidelity,maxpoolgradient
twolocal,entangled,twolocal,renyi,1,1,8,8,0,0,0.0,0.9918565086916346,0.02656493834737972,0.865289140651673,0.42508135716509865,0.3508258558889675
twolocal,entangled,twolocal,renyi,1,1,8,8,0,2,0.0003139972686767578,0.9918565086916346,0.02656493834737972,0.865289140651673,0.42508135716509865,0.3508258558889675
twolocal,entangled,twolocal,renyi,1,1,8,8,2,8,0.0010061264038085938,0.9918565086916346,0.02656493834737983,0.11208892788014811,0.9586358519179556,0.24184406699881117
twolocal,entangled,twolocal,renyi,1,1,8,8,3,17,0.004394054412841797,0.7899312460473233,0.36544097050904956,9.345635376689643e-12,0.9999796020279961,0.1038934756851549
twolocal,entangled,twolocal,renyi,1,1,8,8,4,23,0.005105018615722656,0.7900128291208234,0.3653338551819602,4.917058427089671e-11,0.9999999999999999,7.172496594560653e-10
