enum_H,enum_ψREF,enum_pool,enum_method,nV,nH,seed_H,seed_ψ,numparams,numiters,runtime,purity,entropy,distance,fidelity,maxpoolgradient
twolocal,entangled,twolocal,renyi,1,0,18,18,0,0,0.0,0.9999999999999999,-1.7763568394002505e-15,0.10504866759848477,0.8223591249649711,1.298507111603021
twolocal,entangled,twolocal,renyi,1,0,18,18,1,5,0.0006680488586425781,0.9999999999999997,2.7755575615628914e-16,0.2230284453683513,0.8799512751585881,2.3130195825630873
twolocal,entangled,twolocal,renyi,1,0,18,18,1,6,0.0006690025329589844,0.9999999999999997,2.7755575615628914e-16,0.2230284453683513,0.8799512751585881,2.3130195825630873
twolocal,entangled,twolocal,renyi,1,0,18,18,1,7,0.0006730556488037109,0.9999999999999997,2.7755575615628914e-16,0.2230284453683513,0.8799512751585881,2.3130195825630873
