enum_H,enum_ψREF,enum_pool,enum_method,nV,nH,seed_H,seed_ψ,numparams,numiters,runtime,purity,entropy,distance,fidelity,maxpoolgradient
twolocal,entangled,twolocal,renyi,1,1,6,6,0,0,0.0,0.9683417569233228,0.08239597394357412,0.5882710271665059,0.5476140368144061,0.7454574124239042
twolocal,entangled,twolocal,renyi,1,1,6,6,1,7,0.003010988235473633,0.7514579928152694,0.41467660939728646,0.008291419636175162,0.9988915083589773,0.5353785756649808
twolocal,entangled,twolocal,renyi,1,1,6,6,2,13,0.0038449764251708984,0.7894664274848485,0.3660510252019766,1.9007992402286789e-10,0.999863301406371,0.25002512284391953
twolocal,entangled,twolocal,renyi,1,1,6,6,3,19,0.005132913589477539,0.7900128291820174,0.36533385510161126,1.3644363416887018e-11,1.0000000000000004,2.1245362617282599e-10
