enum_H,enum_ψREF,enum_pool,enum_method,nV,nH,seed_H,seed_ψ,numparams,numiters,runtime,purity,entropy,distance,fidelity
twolocal,entangled,twolocal,renyi,2,0,13,13,0,0,0.0,1.0,1.0496104096039398e-15,0.5648437533181503,0.41344076855641976
twolocal,entangled,twolocal,renyi,2,0,13,13,1,4,0.00045990943908691406,1.0,-9.972190624536034e-16,0.6085100177044701,0.48794652276209155
twolocal,entangled,twolocal,renyi,2,0,13,13,2,9,0.0035181045532226562,1.0,-2.6621999654635806e-15,0.4147636111493878,0.5433531913420089
twolocal,entangled,twolocal,renyi,2,0,13,13,3,17,0.0044100284576416016,1.0,-5.3316726034147166e-15,0.4517758460727399,0.6355745402592051
twolocal,entangled,twolocal,renyi,2,0,13,13,4,30,0.006175041198730469,1.0,NaN,0.14973090478055334,0.7402796185530484
twolocal,entangled,twolocal,renyi,2,0,13,13,5,41,0.007817983627319336,1.0,2.55351295663786e-15,0.18150725866686823,0.7523764025614549
twolocal,entangled,twolocal,renyi,2,0,13,13,6,53,0.009959936141967773,1.0,3.774758283725532e-15,0.176434013432207,0.7592410749506031
