enum_H,enum_ψREF,enum_pool,enum_method,nV,nH,seed_H,seed_ψ,numparams,numiters,runtime,purity,entropy,distance,fidelity,maxpoolgradient
twolocal,entangled,twolocal,overlap,1,1,6,6,0,0,0.0,0.9683417569233228,0.08239597394357412,0.5882710271665059,0.5476140368144061,0.912120543886532
twolocal,entangled,twolocal,overlap,1,1,6,6,1,4,0.0004401206970214844,0.8874074174437123,0.2266431720517104,0.26486802100628143,0.9365761851322799,0.6556397049076146
twolocal,entangled,twolocal,overlap,1,1,6,6,2,7,0.0254971981048584,0.7897831034787504,0.3656354444871485,8.402367200541216e-5,0.9998633528192029,0.030485977140586665
twolocal,entangled,twolocal,overlap,1,1,6,6,3,11,0.02640819549560547,0.7900127968212085,0.3653338975924945,7.425958986617687e-9,0.9999999999999972,1.0741415541054543e-7
