enum_H,enum_ψREF,enum_pool,enum_method,nV,nH,seed_H,seed_ψ,numparams,numiters,runtime,purity,entropy,distance,fidelity,maxpoolgradient
twolocal,entangled,twolocal,renyi,1,0,9,9,0,0,0.0,1.0,-0.0,0.11444526980561397,0.6970209540388217,1.4785373844075602
twolocal,entangled,twolocal,renyi,1,0,9,9,1,3,0.0023670196533203125,1.0,8.881784197001252e-16,0.11476595514710407,0.6971752467328896,1.4787062031642473
twolocal,entangled,twolocal,renyi,1,0,9,9,1,4,0.0023679733276367188,1.0,8.881784197001252e-16,0.11476595514710407,0.6971752467328896,1.4787062031642473
twolocal,entangled,twolocal,renyi,1,0,9,9,1,5,0.0023691654205322266,1.0,8.881784197001252e-16,0.11476595514710407,0.6971752467328896,1.4787062031642473
