enum_H,enum_ψREF,enum_pool,enum_method,nV,nH,seed_H,seed_ψ,numparams,numiters,runtime,purity,entropy,distance,fidelity
twolocal,entangled,twolocal,renyi,1,0,17,17,0,0,0.0,0.9999999999999999,-0.0,0.21497870452331913,0.5879491870001695
twolocal,entangled,twolocal,renyi,1,0,17,17,1,4,0.0005960464477539062,1.0,-1.7763568394002505e-15,0.0046876779991992246,0.6917792147835
twolocal,entangled,twolocal,renyi,1,0,17,17,1,5,0.0005972385406494141,1.0,-1.7763568394002505e-15,0.0046876779991992246,0.6917792147835
twolocal,entangled,twolocal,renyi,1,0,17,17,1,6,0.0005981922149658203,1.0,-1.7763568394002505e-15,0.0046876779991992246,0.6917792147835
