enum_H,enum_ψREF,enum_pool,enum_method,nV,nH,seed_H,seed_ψ,numparams,numiters,runtime,purity,entropy,distance,fidelity
twolocal,entangled,twolocal,renyi,2,0,6,6,0,0,0.0,1.0,3.6428792917513926e-16,0.5829487646904783,0.5499663846596232
twolocal,entangled,twolocal,renyi,2,0,6,6,1,5,0.0008890628814697266,1.0,-3.0745907163116185e-16,0.41348630765941297,0.6926388729723071
twolocal,entangled,twolocal,renyi,2,0,6,6,2,11,0.0028002262115478516,0.9999999999999996,5.707595500501496e-16,0.41793601649859324,0.7218930330883293
twolocal,entangled,twolocal,renyi,2,0,6,6,3,18,0.003523111343383789,1.0,-3.165870343657673e-16,0.41749274153613863,0.7247151593821809
twolocal,entangled,twolocal,renyi,2,0,6,6,4,27,0.004813194274902344,1.0,1.1102230246251565e-16,0.38051635721834703,0.7283120893384923
twolocal,entangled,twolocal,renyi,2,0,6,6,5,41,0.008301258087158203,1.0,7.632783294297951e-16,0.35436836530362037,0.7516720992089994
twolocal,entangled,twolocal,renyi,2,0,6,6,6,55,0.011022329330444336,1.0,-1.1102230246251565e-16,0.27870071179089323,0.7637614897732369
