enum_H,enum_ψREF,enum_pool,enum_method,nV,nH,seed_H,seed_ψ,numparams,runtime,purity,entropy,distance,fidelity
twolocal,entangled,twolocal,overlap,3,2,1,1,0,0.0,0.7195791309328146,0.45374698455967716,0.5920328677749815,0.36481743584252474
twolocal,entangled,twolocal,overlap,3,2,1,1,1,0.023321866989135742,0.719579130932814,0.45374698455967777,0.35379040261911987,0.5412453448287675
