enum_H,enum_ψREF,enum_pool,enum_method,nV,nH,seed_H,seed_ψ,numparams,numiters,runtime,purity,entropy,distance,fidelity,maxpoolgradient
twolocal,entangled,twolocal,renyi,1,1,11,11,0,0,0.0,0.6364963725586814,0.5496422829972823,0.1191169024203797,0.8746030749106868,1.96066201790681
twolocal,entangled,twolocal,renyi,1,1,11,11,1,4,0.0008571147918701172,0.5387007091822069,0.6539310925507988,0.1468483826246372,0.9378440104084615,2.6374893601427827
twolocal,entangled,twolocal,renyi,1,1,11,11,2,12,0.001878976821899414,0.7120215947755579,0.4628057268097775,0.12040435266217273,0.9911614438454981,1.8481458229764713
twolocal,entangled,twolocal,renyi,1,1,11,11,3,22,0.003271818161010742,0.7900128713456904,0.3653337997392197,1.1795679155657268e-8,1.0,3.8024991175123715e-7
