enum_H,enum_ψREF,enum_pool,enum_method,nV,nH,seed_H,seed_ψ,numparams,numiters,runtime,purity,entropy,distance,fidelity
twolocal,entangled,twolocal,renyi,1,0,16,16,0,0,0.0,1.0,NaN,0.542147923478256,0.6576741743172555
twolocal,entangled,twolocal,renyi,1,0,16,16,1,5,0.00047206878662109375,0.9999999999999997,-0.0,0.026026882120540912,0.8890483714953941
twolocal,entangled,twolocal,renyi,1,0,16,16,1,6,0.0004730224609375,0.9999999999999997,-0.0,0.026026882120540912,0.8890483714953941
twolocal,entangled,twolocal,renyi,1,0,16,16,1,7,0.00047397613525390625,0.9999999999999997,-0.0,0.026026882120540912,0.8890483714953941
