enum_H,enum_ψREF,enum_pool,enum_method,nV,nH,seed_H,seed_ψ,numparams,numiters,runtime,purity,entropy,distance,fidelity,maxpoolgradient
twolocal,entangled,twolocal,renyi,1,1,15,15,0,0,0.0,0.9433815807322898,0.1318082058258993,0.02431347318668374,0.8784301803189812,1.4679948628334685
twolocal,entangled,twolocal,renyi,1,1,15,15,1,4,0.0002548694610595703,0.9975891965574641,0.0093158969174875,0.19940083151574484,0.904498248742284,2.3232273096127853
twolocal,entangled,twolocal,renyi,1,1,15,15,2,10,0.0007789134979248047,0.9541014141087389,0.11137045947647134,0.06575742952383122,0.9802772429743805,0.5323335360225867
twolocal,entangled,twolocal,renyi,1,1,15,15,3,19,0.005011796951293945,0.7900128293514186,0.36533385487918113,5.279246484413136e-11,0.9999999999999996,2.380229925632296e-9
