enum_H,enum_ψREF,enum_pool,enum_method,nV,nH,seed_H,seed_ψ,numparams,runtime,purity,entropy,distance,fidelity
twolocal,entangled,twolocal,overlap,1,1,1,1,0,0.0,0.7356831166274331,0.4341896634632033,0.02519950334436062,0.9647837425596764
twolocal,entangled,twolocal,overlap,1,1,1,1,1,0.019863128662109375,0.7792372870893568,0.3793776534135062,0.054215058351194556,0.9866297360418894
twolocal,entangled,twolocal,overlap,1,1,1,1,2,0.021355152130126953,0.7117287325948988,0.4631552770240649,0.06847123077509668,0.9957278675529219
twolocal,entangled,twolocal,overlap,1,1,1,1,3,0.024393081665039062,0.790012838424393,0.36533384296604676,3.7067559577330655e-9,1.0000000000000002
