enum_H,enum_ψREF,enum_pool,enum_method,nV,nH,seed_H,seed_ψ,numparams,numiters,runtime,purity,entropy,distance,fidelity,maxpoolgradient
twolocal,entangled,twolocal,overlap,1,1,15,15,0,0,0.0,0.9433815807322898,0.1318082058258993,0.02431347318668374,0.8784301803189812,0.614326834362283
twolocal,entangled,twolocal,overlap,1,1,15,15,1,3,0.00045108795166015625,0.5978216042528098,0.591856428690631,0.08320850847360874,0.953963123178259,0.3866383541986989
twolocal,entangled,twolocal,overlap,1,1,15,15,2,8,0.0010712146759033203,0.6673162728221564,0.514965620585696,0.12779169263889756,0.9843543643989525,0.2944314777919549
twolocal,entangled,twolocal,overlap,1,1,15,15,3,14,0.0021572113037109375,0.7900125153669029,0.36533426715183864,2.1113697072638882e-7,0.9999999999999277,6.091924101836007e-7
