enum_H,enum_ψREF,enum_pool,enum_method,nV,nH,seed_H,seed_ψ,numparams,numiters,runtime,purity,entropy,distance,fidelity
twolocal,entangled,twolocal,renyi,1,0,8,8,0,0,0.0,1.0,4.440892098500626e-16,0.06988984064810055,0.8860263586846401
twolocal,entangled,twolocal,renyi,1,0,8,8,1,3,0.040489912033081055,0.9999999999999999,4.440892098500626e-16,0.06982443466176486,0.8860537170824807
twolocal,entangled,twolocal,renyi,1,0,8,8,2,12,0.04241609573364258,0.9999999999999993,-0.0,0.0698898406480997,0.9316292734876187
twolocal,entangled,twolocal,renyi,1,0,8,8,3,19,0.04590106010437012,1.0,2.220446049250313e-16,0.11599962944539241,0.938507901652219
