enum_H,enum_ψREF,enum_pool,enum_method,nV,nH,seed_H,seed_ψ,numparams,numiters,runtime,purity,entropy,distance,fidelity,maxpoolgradient
twolocal,entangled,twolocal,renyi,1,1,14,14,0,0,0.0,0.949992140715932,0.11932500726818929,0.0019134660140917165,0.8608375604970946,1.784569076031609
twolocal,entangled,twolocal,renyi,1,1,14,14,1,4,0.0012860298156738281,0.557653817711614,0.6343308688047828,0.15988967092126327,0.9576277556373061,2.247514507247438
twolocal,entangled,twolocal,renyi,1,1,14,14,2,10,0.003216981887817383,0.7429268139086135,0.4252746111951992,4.5554600230923725e-9,0.9875561928514982,1.8408674886432375
twolocal,entangled,twolocal,renyi,1,1,14,14,3,19,0.004528999328613281,0.7900128303321788,0.36533385359140913,9.961805269576018e-10,0.9999999999999997,3.052947383591688e-8
