enum_H,enum_ψREF,enum_pool,enum_method,nV,nH,seed_H,seed_ψ,numparams,numiters,runtime,purity,entropy,distance,fidelity,maxpoolgradient
twolocal,entangled,twolocal,renyi,2,0,18,18,0,0,0.0,0.9999999999999998,4.453768733344089e-16,0.5855952958997873,0.5482614209390952,1.946576236940721
twolocal,entangled,twolocal,renyi,2,0,18,18,1,4,0.0005631446838378906,0.9999999999999992,-3.447326737469121e-16,0.18969873253918482,0.6346492145003859,1.0731374014181103
twolocal,entangled,twolocal,renyi,2,0,18,18,2,11,0.0011031627655029297,1.0,-7.771561172376096e-16,0.18969873253918504,0.6557647794261644,1.3038404371872099
twolocal,entangled,twolocal,renyi,2,0,18,18,3,18,0.0021920204162597656,0.9999999999999999,-1.6653345369377348e-16,0.1760131624541624,0.6622972372306906,1.0230524177414122
twolocal,entangled,twolocal,renyi,2,0,18,18,4,30,0.0037539005279541016,0.9999999999999996,-2.220446049250313e-16,0.3445937523604598,0.6946247503695239,0.12250912364445422
twolocal,entangled,twolocal,renyi,2,0,18,18,5,42,0.0059549808502197266,0.9999999999999994,4.440892098500626e-16,0.33610573092513574,0.6950479772599094,0.03741296001853429
twolocal,entangled,twolocal,renyi,2,0,18,18,6,53,0.007752895355224609,0.9999999999999994,NaN,0.3146955862791624,0.69512051720676,7.199276179486272e-7
