enum_H,enum_ψREF,enum_pool,enum_method,nV,nH,seed_H,seed_ψ,numparams,runtime,purity,entropy,distance,fidelity
twolocal,entangled,twolocal,overlap,4,0,1,1,0,0.0,1.0,-2.020241183599633e-15,0.6240461108502299,0.1941739395018332
twolocal,entangled,twolocal,overlap,4,0,1,1,1,0.03998708724975586,1.0,-3.777744511417801e-15,0.6240461108502299,0.2889860186016103
twolocal,entangled,twolocal,overlap,4,0,1,1,2,0.0763401985168457,1.0,-1.6597927298908007e-15,0.578059513885418,0.32335811465474124
twolocal,entangled,twolocal,overlap,4,0,1,1,3,9.55105710029602,1.0,2.2273431791901943e-15,0.5282776381089376,0.41138936804507176
