enum_H,enum_ψREF,enum_pool,enum_method,nV,nH,seed_H,seed_ψ,numparams,numiters,runtime,purity,entropy,distance,fidelity
twolocal,entangled,twolocal,renyi,2,0,8,8,0,0,0.0,0.9999999999999996,-1.2226790844768946e-16,0.5680975574372316,0.5556722332890954
twolocal,entangled,twolocal,renyi,2,0,8,8,1,5,0.0007269382476806641,0.9999999999999994,2.0996637029677543e-15,0.4235471682565517,0.6096644755213919
twolocal,entangled,twolocal,renyi,2,0,8,8,2,11,0.0015537738800048828,0.9999999999999997,-2.0539125955565396e-15,0.4235471682565517,0.6284950491197342
twolocal,entangled,twolocal,renyi,2,0,8,8,3,20,0.0050237178802490234,0.9999999999999998,9.992007221626409e-16,0.33254498222787804,0.6838284819108431
twolocal,entangled,twolocal,renyi,2,0,8,8,4,30,0.006572723388671875,0.9999999999999993,-2.914335439641036e-15,0.36770143267872407,0.6900103719465239
twolocal,entangled,twolocal,renyi,2,0,8,8,5,41,0.008232831954956055,1.0,-1.6653345369377348e-15,0.3786685313467495,0.6919015224537681
twolocal,entangled,twolocal,renyi,2,0,8,8,6,49,0.009518861770629883,0.9999999999999996,1.3322676295501878e-15,0.37865167928243415,0.6919018707527439
