enum_H,enum_ψREF,enum_pool,enum_method,nV,nH,seed_H,seed_ψ,numparams,runtime,purity,entropy,distance,fidelity
twolocal,entangled,twolocal,overlap,4,4,1,1,0,0.0,0.5305728523236242,0.6622548818943101,0.5091742896981791,0.3580109093093924
twolocal,entangled,twolocal,overlap,4,4,1,1,1,0.24236392974853516,0.5305728523236241,0.6622548818943162,0.209042836125886,0.4154181369504868
twolocal,entangled,twolocal,overlap,4,4,1,1,2,0.6116619110107422,0.5305728523236242,0.6622548818943136,0.22587270382333235,0.4616983305107657
twolocal,entangled,twolocal,overlap,4,4,1,1,3,1.456345796585083,0.5305728523236243,0.6622548818943182,0.2525551389110112,0.4771009232730497
