enum_H,enum_ψREF,enum_pool,enum_method,nV,nH,seed_H,seed_ψ,numparams,numiters,runtime,purity,entropy,distance,fidelity,maxpoolgradient
twolocal,entangled,twolocal,renyi,2,0,5,5,0,0,0.0,1.0,-2.3885345879520123e-16,0.6941986911314557,0.5420249392866819,1.3461619317774796
twolocal,entangled,twolocal,renyi,2,0,5,5,1,5,0.003329038619995117,1.0,1.1102230246251565e-15,0.30004641841770596,0.7783002613251011,1.6399504778069576
twolocal,entangled,twolocal,renyi,2,0,5,5,2,11,0.004137992858886719,1.0,-5.051514762044462e-15,0.29727923408897733,0.7822921061762369,1.779742201232214
twolocal,entangled,twolocal,renyi,2,0,5,5,3,20,0.005220174789428711,1.0,1.5543122344752192e-15,0.20817277476725388,0.8152829905725304,2.1283322663058986
twolocal,entangled,twolocal,renyi,2,0,5,5,4,29,0.006943225860595703,1.0,-1.1102230246251565e-15,0.19161809703995364,0.8206274192518412,1.3262939415597639
twolocal,entangled,twolocal,renyi,2,0,5,5,5,40,0.009200096130371094,1.0,4.440892098500626e-16,0.1488630069252741,0.8268562741553902,0.416859846231036
twolocal,entangled,twolocal,renyi,2,0,5,5,6,52,0.011777162551879883,1.0,-3.552713678800501e-15,0.0961556123981705,0.8302183328728552,2.478561288567244e-8
