enum_H,enum_ψREF,enum_pool,enum_method,nV,nH,seed_H,seed_ψ,numparams,numiters,runtime,purity,entropy,distance,fidelity
twolocal,entangled,twolocal,renyi,1,1,20,20,0,0,0.0,0.9825915976322793,0.050323295006605706,0.3651483198710738,0.6459770383956881
twolocal,entangled,twolocal,renyi,1,1,20,20,1,5,0.0008609294891357422,0.9978484194307142,0.008435840150173513,0.19376313367483053,0.9014419487113516
twolocal,entangled,twolocal,renyi,1,1,20,20,2,11,0.0013689994812011719,0.9987645164166628,0.005185139836963115,0.08548112956748588,0.9468007933883127
twolocal,entangled,twolocal,renyi,1,1,20,20,3,18,0.0024678707122802734,0.7900128391964929,0.36533384195225155,5.464790120424112e-9,0.9999999999999998
