enum_H,enum_ψREF,enum_pool,enum_method,nV,nH,seed_H,seed_ψ,numparams,numiters,runtime,purity,entropy,distance,fidelity,maxpoolgradient
twolocal,entangled,twolocal,renyi,1,0,20,20,0,0,0.0,1.0,1.7763568394002505e-15,0.1805449642456961,0.675980820011865,1.0635855998721786
twolocal,entangled,twolocal,renyi,1,0,20,20,1,5,0.0007829666137695312,1.0,-1.7763568394002505e-15,0.1805449642456961,0.9002569616077756,2.162514304787804
twolocal,entangled,twolocal,renyi,1,0,20,20,2,13,0.0027098655700683594,1.0,8.881784197001252e-16,0.08620433930756712,0.9385079007209971,6.428292194097813e-10
