enum_H,enum_ψREF,enum_pool,enum_method,nV,nH,seed_H,seed_ψ,numparams,numiters,runtime,purity,entropy,distance,fidelity
twolocal,entangled,twolocal,overlap,1,0,1,1,0,0,0.0,1.0,2.220446049250313e-16,0.7649707120875263,0.45122371854699983
twolocal,entangled,twolocal,overlap,1,0,1,1,1,5,0.043905019760131836,1.0,-0.0,0.05680330298466016,0.9098358169590508
twolocal,entangled,twolocal,overlap,1,0,1,1,2,257,0.20206499099731445,0.9999999999999996,-8.881784197001252e-16,0.09928142071282578,0.938507902459721
