enum_H,enum_ψREF,enum_pool,enum_method,nV,nH,seed_H,seed_ψ,numparams,numiters,runtime,purity,entropy,distance,fidelity,maxpoolgradient
twolocal,entangled,twolocal,renyi,2,0,14,14,0,0,0.0,1.0,NaN,0.2266303312693972,0.668282652277406,2.1113673541207456
twolocal,entangled,twolocal,renyi,2,0,14,14,1,4,0.0006921291351318359,1.0,NaN,0.3710181646277784,0.7284724709665074,1.7292390035659244
twolocal,entangled,twolocal,renyi,2,0,14,14,2,10,0.0013630390167236328,0.9999999999999998,-3.0253577421035516e-15,0.35389433022886696,0.7365151416184623,1.4770435100118637
twolocal,entangled,twolocal,renyi,2,0,14,14,3,18,0.0028769969940185547,1.0,-3.885780586188048e-16,0.03543455691255052,0.7967248135317814,0.9011276066700635
twolocal,entangled,twolocal,renyi,2,0,14,14,4,27,0.004278898239135742,1.0,8.118505867571457e-16,0.1283863992777807,0.8031267372438248,0.717310223316939
twolocal,entangled,twolocal,renyi,2,0,14,14,5,47,0.007941722869873047,0.9999999999999999,-8.326672684688674e-16,0.118427225388275,0.8069978563896243,0.16392500601401702
twolocal,entangled,twolocal,renyi,2,0,14,14,6,74,0.013188600540161133,1.0,-2.7755575615628914e-17,0.1213164948137166,0.8072706341549379,6.502137194290477e-7
