enum_H,enum_ψREF,enum_pool,enum_method,nV,nH,seed_H,seed_ψ,numparams,numiters,runtime,purity,entropy,distance,fidelity,maxpoolgradient
twolocal,entangled,twolocal,overlap,1,1,8,8,0,0,0.0,0.9918565086916346,0.02656493834737972,0.865289140651673,0.42508135716509865,0.7541303096342439
twolocal,entangled,twolocal,overlap,1,1,8,8,1,6,0.001683950424194336,0.8826221880374576,0.2340860940553106,0.04701206565603751,0.9714465452850949,0.4607909407510135
twolocal,entangled,twolocal,overlap,1,1,8,8,2,9,0.0025899410247802734,0.7899785607803456,0.3653788496410473,3.0235480560900085e-5,0.9999796031766074,0.01151874287439916
twolocal,entangled,twolocal,overlap,1,1,8,8,3,13,0.0031888484954833984,0.7900128293845857,0.36533385483563124,1.547639794097222e-11,0.9999999999999991,1.2883173597377772e-8
