enum_H,enum_ψREF,enum_pool,enum_method,nV,nH,seed_H,seed_ψ,numparams,numiters,runtime,purity,entropy,distance,fidelity,maxpoolgradient
twolocal,entangled,twolocal,overlap,1,1,20,20,0,0,0.0,0.9825915976322793,0.050323295006605706,0.3651483198710738,0.6459770383956881,0.673103906669029
twolocal,entangled,twolocal,overlap,1,1,20,20,1,5,0.02887105941772461,0.5795489289794553,0.611341957960126,0.22493732197913366,0.9286376925676284,0.4855348886437082
twolocal,entangled,twolocal,overlap,1,1,20,20,2,8,0.029285192489624023,0.7240591925531659,0.44834158492662135,0.0402980713634105,0.9675601488974507,0.4427113056762427
twolocal,entangled,twolocal,overlap,1,1,20,20,3,14,0.030645132064819336,0.790012858693408,0.3653338163521137,1.7516731370958993e-8,0.9999999999999987,9.266658929085724e-8
