enum_H,enum_ψREF,enum_pool,enum_method,nV,nH,seed_H,seed_ψ,numparams,numiters,runtime,purity,entropy,distance,fidelity,maxpoolgradient
twolocal,entangled,twolocal,renyi,1,0,7,7,0,0,0.0,1.0,-0.0,0.25878833125365136,0.65351578988384,1.0091352067004082
twolocal,entangled,twolocal,renyi,1,0,7,7,1,5,0.023138999938964844,1.0,5.329070518200751e-15,0.22687953102510242,0.6715971197313062,1.0601429991626277
twolocal,entangled,twolocal,renyi,1,0,7,7,1,6,0.02313995361328125,1.0,5.329070518200751e-15,0.22687953102510242,0.6715971197313062,1.0601429991626277
twolocal,entangled,twolocal,renyi,1,0,7,7,1,7,0.02313995361328125,1.0,5.329070518200751e-15,0.22687953102510242,0.6715971197313062,1.0601429991626277
