enum_H,enum_ψREF,enum_pool,enum_method,nV,nH,seed_H,seed_ψ,numparams,numiters,runtime,purity,entropy,distance,fidelity,maxpoolgradient
twolocal,entangled,twolocal,renyi,1,0,15,15,0,0,0.0,0.9999999999999997,1.7763568394002505e-15,0.07594592200952129,0.7721475786301022,1.3886484377251145
twolocal,entangled,twolocal,renyi,1,0,15,15,1,4,0.0016331672668457031,0.9999999999999998,NaN,0.12481514703010997,0.795779610857506,1.50984805623835
twolocal,entangled,twolocal,renyi,1,0,15,15,1,5,0.0016341209411621094,0.9999999999999998,NaN,0.12481514703010997,0.795779610857506,1.50984805623835
twolocal,entangled,twolocal,renyi,1,0,15,15,1,6,0.0016341209411621094,0.9999999999999998,NaN,0.12481514703010997,0.795779610857506,1.50984805623835
