enum_H,enum_ψREF,enum_pool,enum_method,nV,nH,seed_H,seed_ψ,numparams,numiters,runtime,purity,entropy,distance,fidelity,maxpoolgradient
twolocal,entangled,twolocal,renyi,1,1,17,17,0,0,0.0,0.8795990148647053,0.2387462351743343,0.3095764890613417,0.6780274636950463,1.0420244248059904
twolocal,entangled,twolocal,renyi,1,1,17,17,1,4,0.0002980232238769531,0.7696254161321422,0.3917340419432189,5.759724280851586e-8,0.7493407766824175,1.480816119544823
twolocal,entangled,twolocal,renyi,1,1,17,17,2,15,0.0015649795532226562,0.6157725486835002,0.5724329470250998,2.676916671662255e-8,0.948588314922638,2.4843072839381732
twolocal,entangled,twolocal,renyi,1,1,17,17,3,26,0.00456690788269043,0.7631914686153709,0.3999191515097671,0.005946719540953854,0.9995901263780129,0.21337466551948017
twolocal,entangled,twolocal,renyi,1,1,17,17,4,34,0.0058858394622802734,0.7900128291110936,0.36533385519473605,2.6754654047778104e-10,0.9999999999999999,1.3819149196986597e-8
