enum_H,enum_ψREF,enum_pool,enum_method,nV,nH,seed_H,seed_ψ,numparams,numiters,runtime,purity,entropy,distance,fidelity
twolocal,entangled,twolocal,overlap,3,0,1,1,0,0,0.0,1.0,-1.787743908228608e-15,0.5710046958798685,0.38133391670346345
twolocal,entangled,twolocal,overlap,3,0,1,1,1,19,0.022091150283813477,1.0,1.7070447099544083e-15,0.25037177487636464,0.4526982404938604
twolocal,entangled,twolocal,overlap,3,0,1,1,2,456,1.3962342739105225,1.0,1.6612641138717352e-15,0.4619460248237567,0.5244146452053984
