enum_H,enum_ψREF,enum_pool,enum_method,nV,nH,seed_H,seed_ψ,numparams,numiters,runtime,purity,entropy,distance,fidelity,maxpoolgradient
twolocal,entangled,twolocal,overlap,1,0,1,1,0,0,0.0,1.0,2.220446049250313e-16,0.7649707120875263,0.45122371854699983,0.3742169759424812
twolocal,entangled,twolocal,overlap,1,0,1,1,1,4,0.04903912544250488,1.0,8.881784197001252e-16,0.05680793946208898,0.9098358130522174,0.32366297504264047
twolocal,entangled,twolocal,overlap,1,0,1,1,2,10,0.04957914352416992,0.9999999999999998,4.440892098500626e-16,0.09928256936022739,0.9385079014569957,1.3984857560393982e-8
twolocal,entangled,twolocal,overlap,1,0,1,1,2,10,0.05011916160583496,0.9999999999999998,4.440892098500626e-16,0.09928256936022739,0.9385079014569957,1.3984857560393982e-8
