enum_H,enum_ψREF,enum_pool,enum_method,nV,nH,seed_H,seed_ψ,numparams,numiters,runtime,purity,entropy,distance,fidelity
twolocal,entangled,twolocal,overlap,3,1,1,1,0,0,0.0,0.7912416628977885,0.3637189596717422,0.351511530259075,0.3156238453086457
twolocal,entangled,twolocal,overlap,3,1,1,1,0,2,0.0036749839782714844,0.7912416628977885,0.3637189596717422,0.351511530259075,0.3156238453086457
twolocal,entangled,twolocal,overlap,3,1,1,1,2,55,0.1972668170928955,0.8734296296392017,0.24815935909673476,0.22574238328049118,0.43273322303620126
