enum_H,enum_ψREF,enum_pool,enum_method,nV,nH,seed_H,seed_ψ,numparams,numiters,runtime,purity,entropy,distance,fidelity
twolocal,entangled,twolocal,renyi,2,0,20,20,0,0,0.0,1.0,8.009391090498704e-16,0.11627765128052048,0.39486909917185004
twolocal,entangled,twolocal,renyi,2,0,20,20,1,6,0.0010290145874023438,1.0,NaN,0.11627765128052044,0.539712322769086
twolocal,entangled,twolocal,renyi,2,0,20,20,2,13,0.0019779205322265625,0.9999999999999999,NaN,0.11132102557334189,0.5412099286826016
twolocal,entangled,twolocal,renyi,2,0,20,20,3,22,0.003161907196044922,1.0,-2.4424906541753444e-15,0.43755907914859826,0.5519986243917352
twolocal,entangled,twolocal,renyi,2,0,20,20,4,31,0.00427699089050293,1.0,-1.1102230246251565e-15,0.3895176749424114,0.5869058080709254
twolocal,entangled,twolocal,renyi,2,0,20,20,5,51,0.009315013885498047,1.0,-4.135580766728708e-15,0.09847985093560341,0.7464909073390152
twolocal,entangled,twolocal,renyi,2,0,20,20,6,66,0.011764049530029297,1.0,-2.220446049250313e-16,0.09802872817064487,0.7529006045136325
