enum_H,enum_ψREF,enum_pool,enum_method,nV,nH,seed_H,seed_ψ,numparams,numiters,runtime,purity,entropy,distance,fidelity,maxpoolgradient
twolocal,entangled,twolocal,renyi,1,1,16,16,0,0,0.0,0.6643547559221787,0.518340640264426,0.3282824015546467,0.8492699139478607,1.646853976824137
twolocal,entangled,twolocal,renyi,1,1,16,16,1,6,0.000415802001953125,0.8884564944388398,0.22500021696389472,0.11744848510849279,0.9501885390302431,2.0875590522270038
twolocal,entangled,twolocal,renyi,1,1,16,16,2,14,0.0012538433074951172,0.924529083363773,0.16564352774780677,0.016274678882594623,0.9881894567146363,0.5701553659935055
twolocal,entangled,twolocal,renyi,1,1,16,16,3,22,0.002481698989868164,0.790012817997944,0.365333869786694,5.708551187311173e-9,0.9999999999999998,1.2872393558845505e-7
