enum_H,enum_ψREF,enum_pool,enum_method,nV,nH,seed_H,seed_ψ,numparams,numiters,runtime,purity,entropy,distance,fidelity,maxpoolgradient
twolocal,entangled,twolocal,renyi,2,0,2,2,0,0,0.0,1.0,NaN,0.6437686301008146,0.44552072264268805,0.9039226829145879
twolocal,entangled,twolocal,renyi,2,0,2,2,1,4,0.0013489723205566406,1.0,1.3322676295501878e-15,0.3399167422153748,0.4589824884631737,1.0602617739255615
twolocal,entangled,twolocal,renyi,2,0,2,2,2,11,0.002195119857788086,1.0,-2.220446049250313e-15,0.09886745925723542,0.5453515333674818,1.0641174092000467
twolocal,entangled,twolocal,renyi,2,0,2,2,3,19,0.003734111785888672,1.0,8.881784197001252e-16,0.13907916340961005,0.6850117985957784,1.721826679931387
twolocal,entangled,twolocal,renyi,2,0,2,2,4,29,0.0049779415130615234,0.9999999999999999,NaN,0.155607051494598,0.7076731199733779,1.248816059331101
twolocal,entangled,twolocal,renyi,2,0,2,2,5,42,0.007521867752075195,1.0,-1.2212453270876722e-15,0.07320825061002782,0.8059489625602614,0.58528542077177
twolocal,entangled,twolocal,renyi,2,0,2,2,6,55,0.0266268253326416,0.9999999999999997,-2.4424906541753444e-15,0.1708995797877152,0.8113394143504463,1.8861729333160915e-8
