enum_H,enum_ψREF,enum_pool,enum_method,nV,nH,seed_H,seed_ψ,numparams,numiters,runtime,purity,entropy,distance,fidelity
twolocal,entangled,twolocal,overlap,1,1,4,4,0,0,0.0,0.968956904373061,0.08108593764860397,0.6344295112780893,0.5895759956436298
twolocal,entangled,twolocal,overlap,1,1,4,4,1,4,0.001260995864868164,0.7906134201643146,0.3645449254808948,0.01187394874937961,0.9585072844857627
twolocal,entangled,twolocal,overlap,1,1,4,4,2,9,0.0019960403442382812,0.839739261416089,0.2975293813469092,0.016480367600056917,0.9978608189372353
twolocal,entangled,twolocal,overlap,1,1,4,4,3,14,0.0030641555786132812,0.7900128249951414,0.3653338605991276,5.2949331752483175e-8,0.9999999999999986
