enum_H,enum_ψREF,enum_pool,enum_method,nV,nH,seed_H,seed_ψ,numparams,numiters,runtime,purity,entropy,distance,fidelity,maxpoolgradient
twolocal,entangled,twolocal,renyi,2,0,15,15,0,0,0.0,0.9999999999999997,4.914146944103097e-16,0.21793324935351033,0.5304599213272447,1.004934392590879
twolocal,entangled,twolocal,renyi,2,0,15,15,1,3,0.001310110092163086,0.9999999999999999,-1.887379141862766e-15,0.19493523528741252,0.552364569893919,0.9865300133126743
twolocal,entangled,twolocal,renyi,2,0,15,15,2,9,0.001965045928955078,1.0,-1.2490009027033011e-15,0.28857515878664713,0.6347503807890508,1.5467652608728681
twolocal,entangled,twolocal,renyi,2,0,15,15,3,19,0.00341796875,1.0,4.996003610813204e-16,0.4679910724146831,0.6930094843645809,1.1502680850517386
twolocal,entangled,twolocal,renyi,2,0,15,15,4,31,0.01922893524169922,0.9999999999999996,-2.7200464103316335e-15,0.0926564045532114,0.7959726358284747,1.5276046102852978
twolocal,entangled,twolocal,renyi,2,0,15,15,5,41,0.0210111141204834,0.9999999999999994,-1.942890293094024e-16,0.0989755690757065,0.8078654712409882,0.3065654292649693
twolocal,entangled,twolocal,renyi,2,0,15,15,6,52,0.02289724349975586,1.0,NaN,0.06857587792452989,0.8090616738497335,8.113060618779914e-8
