enum_H,enum_ψREF,enum_pool,enum_method,nV,nH,seed_H,seed_ψ,numparams,numiters,runtime,purity,entropy,distance,fidelity,maxpoolgradient
twolocal,entangled,twolocal,overlap,1,1,7,7,0,0,0.0,0.9992685851702471,0.003260789969617095,0.14308835046498722,0.7043000011297151,0.6525225397489818
twolocal,entangled,twolocal,overlap,1,1,7,7,1,5,0.0010640621185302734,0.5013262864004916,0.6918203071912337,0.2478747812600111,0.9069642183273591,0.5677776208259745
twolocal,entangled,twolocal,overlap,1,1,7,7,2,10,0.001741170883178711,0.7219607490917346,0.4508767818557726,0.24280225797758762,0.9656805932578111,0.4846709383785732
twolocal,entangled,twolocal,overlap,1,1,7,7,3,16,0.0026903152465820312,0.7900121831635623,0.36533470334625384,2.509211619594609e-7,0.9999999999997735,1.1389426394223431e-6
