enum_H,enum_ψREF,enum_pool,enum_method,nV,nH,seed_H,seed_ψ,numparams,numiters,runtime,purity,entropy,distance,fidelity
twolocal,entangled,twolocal,overlap,1,1,10,10,0,0,0.0,0.9863876783493086,0.04097906243961219,0.11885476410846241,0.8395427197906888
twolocal,entangled,twolocal,overlap,1,1,10,10,1,4,0.05802106857299805,0.5833592323742408,0.6073018172683649,0.10403286094873276,0.9641330746391973
twolocal,entangled,twolocal,overlap,1,1,10,10,2,7,0.05842995643615723,0.7889644096561446,0.3667094568322408,0.0007659212133993565,0.9993780365342142
twolocal,entangled,twolocal,overlap,1,1,10,10,3,12,0.06072688102722168,0.7900128292729,0.36533385498227905,6.603051438958119e-13,0.9999999999999999
