enum_H,enum_ψREF,enum_pool,enum_method,nV,nH,seed_H,seed_ψ,numparams,numiters,runtime,purity,entropy,distance,fidelity,maxpoolgradient
twolocal,entangled,twolocal,renyi,1,0,2,2,0,0,0.0,1.0,-0.0,0.6970672815186546,0.5503518920752615,0.9346383367320361
twolocal,entangled,twolocal,renyi,1,0,2,2,1,6,0.0448760986328125,1.0,2.6645352591003757e-15,0.06167981965818202,0.9384786918254837,0.09271566310644913
twolocal,entangled,twolocal,renyi,1,0,2,2,1,7,0.044877052307128906,1.0,2.6645352591003757e-15,0.06167981965818202,0.9384786918254837,0.09271566310644913
twolocal,entangled,twolocal,renyi,1,0,2,2,1,8,0.04487800598144531,1.0,2.6645352591003757e-15,0.06167981965818202,0.9384786918254837,0.09271566310644913
