enum_H,enum_ψREF,enum_pool,enum_method,nV,nH,seed_H,seed_ψ,numparams,numiters,runtime,purity,entropy,distance,fidelity,maxpoolgradient
twolocal,entangled,twolocal,renyi,2,0,9,9,0,0,0.0,1.0,-1.4565755480771509e-16,0.6556459843764082,0.49363131010017425,1.3765729382724499
twolocal,entangled,twolocal,renyi,2,0,9,9,1,5,0.0006210803985595703,1.0,1.5696120499336563e-15,0.47810383121393785,0.5382610301281044,0.49267639081616704
twolocal,entangled,twolocal,renyi,2,0,9,9,2,11,0.005008220672607422,1.0,2.42861286636753e-16,0.4511052543766976,0.5404321714906855,0.36391326189605705
twolocal,entangled,twolocal,renyi,2,0,9,9,3,17,0.00567317008972168,0.9999999999999998,-7.840950111415168e-16,0.4372757057753419,0.5421748168915027,0.40627401112750283
twolocal,entangled,twolocal,renyi,2,0,9,9,4,25,0.006757020950317383,1.0,-1.7069679003611782e-15,0.44327104514960575,0.5446408167627005,0.09055206445173863
twolocal,entangled,twolocal,renyi,2,0,9,9,5,46,0.012586116790771484,1.0,6.106226635438361e-16,0.2527081266653246,0.7531231947554055,0.09530516578816717
twolocal,entangled,twolocal,renyi,2,0,9,9,6,55,0.030421972274780273,1.0,8.326672684688674e-16,0.26063296331486874,0.753336082421631,3.03328616444445e-7
