enum_H,enum_ψREF,enum_pool,enum_method,nV,nH,seed_H,seed_ψ,numparams,numiters,runtime,purity,entropy,distance,fidelity
twolocal,entangled,twolocal,overlap,1,1,19,19,0,0,0.0,0.5168658311282546,0.6761852277054681,0.1714386364623316,0.9297443906339774
twolocal,entangled,twolocal,overlap,1,1,19,19,1,3,0.00035691261291503906,0.7681457284063139,0.3936224549811391,0.1636117092396591,0.9787272081536955
twolocal,entangled,twolocal,overlap,1,1,19,19,2,6,0.0008449554443359375,0.7773361442798119,0.38183413457494747,0.003958671203773606,0.9927529688216304
twolocal,entangled,twolocal,overlap,1,1,19,19,3,11,0.002215862274169922,0.7900128298463192,0.36533385422935905,2.8412468766614296e-9,1.0000000000000009
