enum_H,enum_ψREF,enum_pool,enum_method,nV,nH,seed_H,seed_ψ,numparams,numiters,runtime,purity,entropy,distance,fidelity
twolocal,entangled,twolocal,renyi,1,1,2,2,0,0,0.0,0.5889238277824588,0.6013799100814936,0.013645173419463835,0.9364186610069172
twolocal,entangled,twolocal,renyi,1,1,2,2,1,7,0.020279884338378906,0.7515468674739194,0.41456562959541815,0.033266620238734196,0.9989495507818765
twolocal,entangled,twolocal,renyi,1,1,2,2,2,13,0.020808696746826172,0.7901942174000514,0.3650956556683103,8.083650900542194e-5,0.9999746658764977
twolocal,entangled,twolocal,renyi,1,1,2,2,3,19,0.02140665054321289,0.7900128284417386,0.3653338560736234,1.9857754329777322e-11,1.0
