enum_H,enum_ψREF,enum_pool,enum_method,nV,nH,seed_H,seed_ψ,numparams,numiters,runtime,purity,entropy,distance,fidelity
twolocal,entangled,twolocal,overlap,2,0,1,1,0,0,0.0,1.0,9.448165051440279e-17,0.5190540236544688,0.5475246883018758
twolocal,entangled,twolocal,overlap,2,0,1,1,1,44,0.03759312629699707,1.0,3.7109873571033324e-16,0.3441134987692825,0.6677147742582286
twolocal,entangled,twolocal,overlap,2,0,1,1,2,1093,0.7406399250030518,1.0,-2.7419445509881087e-15,0.13538039279913194,0.7134793585449193
twolocal,entangled,twolocal,overlap,2,0,1,1,3,1757,1.9056870937347412,0.9999999999999999,NaN,0.1305590182659614,0.7380544808218596
