enum_H,enum_ψREF,enum_pool,enum_method,nV,nH,seed_H,seed_ψ,numparams,numiters,runtime,purity,entropy,distance,fidelity
twolocal,entangled,twolocal,renyi,1,1,1,1,0,0,0.0,0.7356831166274331,0.4341896634632033,0.02519950334436062,0.9647837425596764
twolocal,entangled,twolocal,renyi,1,1,1,1,1,4,0.022507905960083008,0.7782158879555466,0.38069818836555536,0.05349804213864075,0.9866262637674723
twolocal,entangled,twolocal,renyi,1,1,1,1,2,10,0.023073911666870117,0.7228314962706577,0.4498255194774883,0.04884163124645603,0.9975653947841212
twolocal,entangled,twolocal,renyi,1,1,1,1,3,18,0.023932933807373047,0.7900128308948305,0.36533385285262776,5.543032421950755e-10,1.0000000000000004
